"riderId","firstname","lastname","email","mobile","createdAt","updatedAt"
"1","Scott","Tiger","scott@tiger.com","0409536789","2020-01-22 00:50:20","2020-01-22 00:50:20"
"2","Tenny","Matty","Ruth@test.tes","0409536796","2020-01-22 01:11:18","2020-01-22 01:11:18"
"3","Denny","Dora","Tenny@test.tes","0409536794","2020-01-22 01:11:18","2020-01-22 01:11:18"
"4","Denny","Mitch","Mitch@test.tes","0409536796","2020-01-22 01:11:18","2020-01-22 01:11:18"
"5","Mitch","Matty","Mitch@test.tes","0409536790","2020-01-22 01:11:18","2020-01-22 01:11:18"
"6","Matty","Kate","Denny@test.tes","0409536797","2020-01-22 01:11:18","2020-01-22 01:11:18"
"7","Ruth","Julie","Denny@test.tes","0409536797","2020-01-22 01:11:18","2020-01-22 01:11:18"
"8","Ruth","Dora","Julie@test.tes","0409536795","2020-01-22 01:11:18","2020-01-22 01:11:18"
"9","Dora","Harry","Ruth@test.tes","0409536789","2020-01-22 01:11:18","2020-01-22 01:11:18"
"10","Julie","Mickey","Ruth@test.tes","0409536791","2020-01-22 01:11:18","2020-01-22 01:11:18"
"11","Kate","Kate","Ruth@test.tes","0409536791","2020-01-22 01:11:18","2020-01-22 01:11:18"
"12","Kate","Mitch","Tenny@test.tes","0409536794","2020-01-22 01:11:18","2020-01-22 01:11:18"
"13","Mickey","Matty","Julie@test.tes","0409536791","2020-01-22 01:11:18","2020-01-22 01:11:18"
"14","Harry","Matty","Dora@test.tes","0409536791","2020-01-22 01:11:18","2020-01-22 01:11:18"
"15","Ruth","Julie","Denny@test.tes","0409536793","2020-01-22 01:11:18","2020-01-22 01:11:18"
"16","Tenny","Kate","Ruth@test.tes","0409536789","2020-01-22 01:11:18","2020-01-22 01:11:18"
"17","Mitch","Matty","Tenny@test.tes","0409536793","2020-01-22 01:11:18","2020-01-22 01:11:18"
"18","Tenny","Harry","Ruth@test.tes","0409536795","2020-01-22 01:11:18","2020-01-22 01:11:18"
"19","Mitch","Harry","Denny@test.tes","0409536796","2020-01-22 01:11:18","2020-01-22 01:11:18"
"20","Kate","Mickey","Mitch@test.tes","0409536795","2020-01-22 01:11:18","2020-01-22 01:11:18"
"21","Harry","Julie","Dora@test.tes","0409536793","2020-01-22 01:11:18","2020-01-22 01:11:18"
"22","Matty","Julie","Tenny@test.tes","0409536792","2020-01-22 01:11:18","2020-01-22 01:11:18"
"23","Matty","Tenny","Mitch@test.tes","0409536793","2020-01-22 01:11:18","2020-01-22 01:11:18"
"24","Mickey","Tenny","Mitch@test.tes","0409536795","2020-01-22 01:11:18","2020-01-22 01:11:18"
"25","Kate","Tenny","Julie@test.tes","0409536790","2020-01-22 01:11:18","2020-01-22 01:11:18"
"26","Mitch","Kate","Denny@test.tes","0409536789","2020-01-22 01:11:18","2020-01-22 01:11:18"
"27","Matty","Denny","Tenny@test.tes","0409536798","2020-01-22 01:11:18","2020-01-22 01:11:18"
"28","Mickey","Kate","Denny@test.tes","0409536790","2020-01-22 01:11:18","2020-01-22 01:11:18"
"29","Matty","Matty","Ruth@test.tes","0409536797","2020-01-22 01:11:18","2020-01-22 01:11:18"
"30","Tenny","Julie","Harry@test.tes","0409536797","2020-01-22 01:11:18","2020-01-22 01:11:18"
"31","Harry","Ruth","Mitch@test.tes","0409536797","2020-01-22 01:11:18","2020-01-22 01:11:18"
"32","Denny","Mitch","Kate@test.tes","0409536790","2020-01-22 01:11:18","2020-01-22 01:11:18"
"33","Matty","Kate","Ruth@test.tes","0409536796","2020-01-22 01:11:18","2020-01-22 01:11:18"
"34","Tenny","Tenny","Kate@test.tes","0409536797","2020-01-22 01:11:18","2020-01-22 01:11:18"
"35","Tenny","Mickey","Ruth@test.tes","0409536798","2020-01-22 01:11:19","2020-01-22 01:11:19"
"36","Tenny","Harry","Kate@test.tes","0409536791","2020-01-22 01:11:19","2020-01-22 01:11:19"
"37","Dora","Harry","Dora@test.tes","0409536791","2020-01-22 01:11:19","2020-01-22 01:11:19"
"38","Kate","Tenny","Mitch@test.tes","0409536796","2020-01-22 01:11:19","2020-01-22 01:11:19"
"39","Harry","Harry","Dora@test.tes","0409536789","2020-01-22 01:11:19","2020-01-22 01:11:19"
"40","Dora","Harry","Julie@test.tes","0409536789","2020-01-22 01:11:19","2020-01-22 01:11:19"
"41","Matty","Julie","Kate@test.tes","0409536798","2020-01-22 01:11:19","2020-01-22 01:11:19"
"42","Julie","Julie","Mitch@test.tes","0409536793","2020-01-22 01:11:19","2020-01-22 01:11:19"
"43","Julie","Julie","Matty@test.tes","0409536798","2020-01-22 01:11:19","2020-01-22 01:11:19"
"44","Harry","Denny","Dora@test.tes","0409536796","2020-01-22 01:11:19","2020-01-22 01:11:19"
"45","Ruth","Mickey","Matty@test.tes","0409536795","2020-01-22 01:11:19","2020-01-22 01:11:19"
"46","Julie","Julie","Julie@test.tes","0409536795","2020-01-22 01:11:19","2020-01-22 01:11:19"
"47","Mickey","Mickey","Denny@test.tes","0409536797","2020-01-22 01:11:19","2020-01-22 01:11:19"
"48","Kate","Kate","Kate@test.tes","0409536794","2020-01-22 01:11:19","2020-01-22 01:11:19"
"49","Matty","Kate","Tenny@test.tes","0409536794","2020-01-22 01:11:19","2020-01-22 01:11:19"
"50","Kate","Ruth","Mickey@test.tes","0409536791","2020-01-22 01:11:19","2020-01-22 01:11:19"
"51","Matty","Tenny","Tenny@test.tes","0409536798","2020-01-22 01:11:19","2020-01-22 01:11:19"
"52","Harry","Kate","Julie@test.tes","0409536790","2020-01-22 01:24:11","2020-01-22 01:24:11"
"53","Mitch","Julie","Mitch@test.tes","0409536789","2020-01-22 01:24:11","2020-01-22 01:24:11"
"54","Denny","Dora","Julie@test.tes","0409536795","2020-01-22 01:24:11","2020-01-22 01:24:11"
"55","Mitch","Ruth","Ruth@test.tes","0409536792","2020-01-22 01:24:11","2020-01-22 01:24:11"
"56","Tenny","Dora","Kate@test.tes","0409536797","2020-01-22 01:24:11","2020-01-22 01:24:11"
"57","Denny","Denny","Denny@test.tes","0409536790","2020-01-22 01:24:11","2020-01-22 01:24:11"
"58","Dora","Kate","Denny@test.tes","0409536794","2020-01-22 01:24:11","2020-01-22 01:24:11"
"59","Kate","Harry","Matty@test.tes","0409536794","2020-01-22 01:24:11","2020-01-22 01:24:11"
"60","Mickey","Ruth","Dora@test.tes","0409536790","2020-01-22 01:24:11","2020-01-22 01:24:11"
"61","Dora","Julie","Harry@test.tes","0409536796","2020-01-22 01:24:11","2020-01-22 01:24:11"
"62","Dora","Ruth","Tenny@test.tes","0409536789","2020-01-22 01:24:11","2020-01-22 01:24:11"
"63","Harry","Ruth","Julie@test.tes","0409536796","2020-01-22 01:24:11","2020-01-22 01:24:11"
"64","Denny","Harry","Tenny@test.tes","0409536793","2020-01-22 01:24:11","2020-01-22 01:24:11"
"65","Denny","Harry","Harry@test.tes","0409536792","2020-01-22 01:24:11","2020-01-22 01:24:11"
"66","Mitch","Mickey","Ruth@test.tes","0409536794","2020-01-22 01:24:11","2020-01-22 01:24:11"
"67","Harry","Kate","Denny@test.tes","0409536794","2020-01-22 01:24:11","2020-01-22 01:24:11"
"68","Mickey","Mickey","Tenny@test.tes","0409536796","2020-01-22 01:24:11","2020-01-22 01:24:11"
"69","Denny","Dora","Ruth@test.tes","0409536794","2020-01-22 01:24:11","2020-01-22 01:24:11"
"70","Mitch","Kate","Tenny@test.tes","0409536795","2020-01-22 01:24:11","2020-01-22 01:24:11"
"71","Tenny","Mitch","Mickey@test.tes","0409536791","2020-01-22 01:24:11","2020-01-22 01:24:11"
"72","Ruth","Mickey","Dora@test.tes","0409536790","2020-01-22 01:24:11","2020-01-22 01:24:11"
"73","Julie","Matty","Tenny@test.tes","0409536795","2020-01-22 01:24:11","2020-01-22 01:24:11"
"74","Matty","Harry","Ruth@test.tes","0409536796","2020-01-22 01:24:11","2020-01-22 01:24:11"
"75","Ruth","Ruth","Julie@test.tes","0409536792","2020-01-22 01:24:11","2020-01-22 01:24:11"
"76","Julie","Denny","Tenny@test.tes","0409536798","2020-01-22 01:24:11","2020-01-22 01:24:11"
"77","Harry","Tenny","Mitch@test.tes","0409536793","2020-01-22 01:24:11","2020-01-22 01:24:11"
"78","Ruth","Mickey","Julie@test.tes","0409536796","2020-01-22 01:24:11","2020-01-22 01:24:11"
"79","Ruth","Ruth","Mitch@test.tes","0409536796","2020-01-22 01:24:11","2020-01-22 01:24:11"
"80","Kate","Kate","Julie@test.tes","0409536795","2020-01-22 01:24:11","2020-01-22 01:24:11"
"81","Mitch","Matty","Ruth@test.tes","0409536798","2020-01-22 01:24:11","2020-01-22 01:24:11"
"82","Tenny","Kate","Tenny@test.tes","0409536793","2020-01-22 01:24:11","2020-01-22 01:24:11"
"83","Denny","Ruth","Matty@test.tes","0409536791","2020-01-22 01:24:11","2020-01-22 01:24:11"
"84","Dora","Mitch","Kate@test.tes","0409536793","2020-01-22 01:24:11","2020-01-22 01:24:11"
"85","Denny","Tenny","Julie@test.tes","0409536789","2020-01-22 01:24:11","2020-01-22 01:24:11"
"86","Denny","Denny","Mickey@test.tes","0409536791","2020-01-22 01:24:11","2020-01-22 01:24:11"
"87","Matty","Matty","Matty@test.tes","0409536793","2020-01-22 01:24:11","2020-01-22 01:24:11"
"88","Mickey","Kate","Ruth@test.tes","0409536789","2020-01-22 01:24:11","2020-01-22 01:24:11"
"89","Harry","Kate","Harry@test.tes","0409536793","2020-01-22 01:24:11","2020-01-22 01:24:11"
"90","Tenny","Dora","Dora@test.tes","0409536796","2020-01-22 01:24:11","2020-01-22 01:24:11"
"91","Denny","Denny","Mitch@test.tes","0409536790","2020-01-22 01:24:11","2020-01-22 01:24:11"
"92","Harry","Denny","Kate@test.tes","0409536798","2020-01-22 01:24:11","2020-01-22 01:24:11"
"93","Harry","Harry","Matty@test.tes","0409536792","2020-01-22 01:24:11","2020-01-22 01:24:11"
"94","Ruth","Mickey","Matty@test.tes","0409536796","2020-01-22 01:24:11","2020-01-22 01:24:11"
"95","Harry","Kate","Matty@test.tes","0409536793","2020-01-22 01:24:11","2020-01-22 01:24:11"
"96","Mitch","Julie","Mickey@test.tes","0409536798","2020-01-22 01:24:11","2020-01-22 01:24:11"
"97","Tenny","Dora","Mickey@test.tes","0409536795","2020-01-22 01:24:11","2020-01-22 01:24:11"
"98","Mitch","Mickey","Tenny@test.tes","0409536798","2020-01-22 01:24:11","2020-01-22 01:24:11"
"99","Denny","Matty","Mickey@test.tes","0409536797","2020-01-22 01:24:11","2020-01-22 01:24:11"
"100","Matty","Mitch","Mitch@test.tes","0409536797","2020-01-22 01:24:11","2020-01-22 01:24:11"
"101","Dora","Matty","Tenny@test.tes","0409536793","2020-01-22 01:24:11","2020-01-22 01:24:11"
